Molecule,Total |Q2| (ring atoms),Total Qzz (ring atoms),|Q2| origin,Qzz origin,|Q2|(-1),Q2(-1)zz,|Q2|(1),Q2(1)zz
C6H6,1.0,1.0,1.0,1.0,1.0,1.0,1.0,1.0
n6,,,0.8893383778657228,-0.8891253592553169,0.783249659923862,0.7797148253623402,0.783249659923862,0.7797148253623402
