Molecule,Total |Q2| (ring atoms),Total Qzz (ring atoms),|Q2| origin,Qzz origin,|Q2|(-1),Q2(-1)zz,|Q2|(1),Q2(1)zz
C6H6,4.667036,-3.804454,6.145003,-6.145003,0.510915,0.510915,0.510915,0.510915
n6,,,5.464987,5.463678,0.400174,0.398368,0.400174,0.398368
