Molecule,Total |Q2| (ring atoms),Total Qzz (ring atoms),|Q2| origin,Qzz origin,|Q2|(-1),Q2(-1)zz,|Q2|(1),Q2(1)zz
C6H6,1.0,1.0,1.0,1.0,1.0,1.0,1.0,1.0
cr-complex,1.4120628167427889,1.4945613746414073,0.8717333417087022,0.8717333417087022,0.19461554270279793,0.19461554270279793,1.1270426587592848,1.1270426587592848
