Molecule,Total |Q2| (ring atoms),Total Qzz (ring atoms),|Q2| origin,Qzz origin,|Q2|(-1),Q2(-1)zz,|Q2|(1),Q2(1)zz
C6H6,4.667036,-3.804454,6.145003,-6.145003,0.510915,0.510915,0.510915,0.510915
cr-complex,6.590147999999999,-5.68599,5.356804,-5.356804,0.099432,0.099432,0.575823,0.575823
